sequence,model,seed_round,seed,score,successful_moves,attempted_moves,end_reason,alive
1,bf16,1,b145b41017ce4bce48bf75df6719f853,18,210,211,collision,False
2,q6-k-l,1,b145b41017ce4bce48bf75df6719f853,18,210,211,collision,False
3,q4-k-m,1,b145b41017ce4bce48bf75df6719f853,18,210,211,collision,False
4,q6-k-l,2,6f5d8daa754d8a534cd54a77a298624b,5,70,71,collision,False
5,q4-k-m,2,6f5d8daa754d8a534cd54a77a298624b,5,70,71,collision,False
6,bf16,2,6f5d8daa754d8a534cd54a77a298624b,5,70,71,collision,False
7,q4-k-m,3,7e32e4a29bd1fcc4d5fab56d1f09f0c2,19,148,149,collision,False
8,bf16,3,7e32e4a29bd1fcc4d5fab56d1f09f0c2,29,257,258,collision,False
9,q6-k-l,3,7e32e4a29bd1fcc4d5fab56d1f09f0c2,29,257,258,collision,False
10,bf16,4,049f19358d3c1258bed06de6c4a74b66,13,121,122,collision,False
11,q6-k-l,4,049f19358d3c1258bed06de6c4a74b66,12,100,101,collision,False
12,q4-k-m,4,049f19358d3c1258bed06de6c4a74b66,12,100,101,collision,False
13,q6-k-l,5,b3a781a1047b360a5866a65d8aa8f4af,7,52,53,collision,False
14,q4-k-m,5,b3a781a1047b360a5866a65d8aa8f4af,7,52,53,collision,False
15,bf16,5,b3a781a1047b360a5866a65d8aa8f4af,7,52,53,collision,False
16,q4-k-m,6,589ff640e8dfebfc80de6132f4c86a0d,29,322,323,collision,False
17,bf16,6,589ff640e8dfebfc80de6132f4c86a0d,14,124,125,collision,False
18,q6-k-l,6,589ff640e8dfebfc80de6132f4c86a0d,14,124,125,collision,False
19,bf16,7,b9938ba78714efde8e69f74c5f158da9,17,145,146,collision,False
20,q6-k-l,7,b9938ba78714efde8e69f74c5f158da9,20,188,189,collision,False
21,q4-k-m,7,b9938ba78714efde8e69f74c5f158da9,20,188,189,collision,False
22,q6-k-l,8,9a783961ab5263906ebf61102d111686,9,85,86,collision,False
23,q4-k-m,8,9a783961ab5263906ebf61102d111686,16,132,133,collision,False
24,bf16,8,9a783961ab5263906ebf61102d111686,9,85,86,collision,False
25,q4-k-m,9,d3c5958ea2ad2c78b32506e16769c94d,1,7,8,collision,False
26,bf16,9,d3c5958ea2ad2c78b32506e16769c94d,1,7,8,collision,False
27,q6-k-l,9,d3c5958ea2ad2c78b32506e16769c94d,1,7,8,collision,False
28,bf16,10,fafeaaf3298e87e8883d6e29daa652f0,15,154,155,collision,False
29,q6-k-l,10,fafeaaf3298e87e8883d6e29daa652f0,15,154,155,collision,False
30,q4-k-m,10,fafeaaf3298e87e8883d6e29daa652f0,15,156,157,collision,False
31,q6-k-l,11,95a82ebbd8d8ba3bb7601dd8f4721149,7,49,50,collision,False
32,q4-k-m,11,95a82ebbd8d8ba3bb7601dd8f4721149,7,49,50,collision,False
33,bf16,11,95a82ebbd8d8ba3bb7601dd8f4721149,7,49,50,collision,False
34,q4-k-m,12,0be8e63b4fb86c993850c70efa940fef,3,19,20,collision,False
35,bf16,12,0be8e63b4fb86c993850c70efa940fef,3,19,20,collision,False
36,q6-k-l,12,0be8e63b4fb86c993850c70efa940fef,3,19,20,collision,False
37,bf16,13,4a4af34fab25894939f1ec37802af6db,22,180,181,collision,False
38,q6-k-l,13,4a4af34fab25894939f1ec37802af6db,22,180,181,collision,False
39,q4-k-m,13,4a4af34fab25894939f1ec37802af6db,20,148,149,collision,False
40,q6-k-l,14,6993db3cf906d121dcc6fb8a1e3b2261,8,64,65,collision,False
41,q4-k-m,14,6993db3cf906d121dcc6fb8a1e3b2261,8,64,65,collision,False
42,bf16,14,6993db3cf906d121dcc6fb8a1e3b2261,8,64,65,collision,False
43,q4-k-m,15,cdc04ef09b6e80657fa3507da98ad135,11,76,77,collision,False
44,bf16,15,cdc04ef09b6e80657fa3507da98ad135,15,116,117,collision,False
45,q6-k-l,15,cdc04ef09b6e80657fa3507da98ad135,15,116,117,collision,False
46,iq2-m,1,b145b41017ce4bce48bf75df6719f853,24,359,360,collision,False
47,iq2-m,2,6f5d8daa754d8a534cd54a77a298624b,5,79,80,collision,False
48,iq2-m,3,7e32e4a29bd1fcc4d5fab56d1f09f0c2,10,80,81,collision,False
49,iq2-m,4,049f19358d3c1258bed06de6c4a74b66,30,311,312,collision,False
50,iq2-m,5,b3a781a1047b360a5866a65d8aa8f4af,15,133,134,collision,False
51,iq2-m,6,589ff640e8dfebfc80de6132f4c86a0d,21,225,226,collision,False
52,iq2-m,7,b9938ba78714efde8e69f74c5f158da9,24,247,248,collision,False
53,iq2-m,8,9a783961ab5263906ebf61102d111686,10,125,126,collision,False
54,iq2-m,9,d3c5958ea2ad2c78b32506e16769c94d,1,7,8,collision,False
55,iq2-m,10,fafeaaf3298e87e8883d6e29daa652f0,38,437,438,collision,False
56,iq2-m,11,95a82ebbd8d8ba3bb7601dd8f4721149,23,251,252,collision,False
57,iq2-m,12,0be8e63b4fb86c993850c70efa940fef,20,183,184,collision,False
58,iq2-m,13,4a4af34fab25894939f1ec37802af6db,36,500,500,move_cap,True
59,iq2-m,14,6993db3cf906d121dcc6fb8a1e3b2261,2,18,19,collision,False
60,iq2-m,15,cdc04ef09b6e80657fa3507da98ad135,19,167,168,collision,False
